116.95,8.05,1
116.95,8,1
116.95,7.95,1
116.95,7.9,1
116.95,7.85,1
117,8.15,1
117,8.1,1
117,8.05,1
117,7.85,1
117,7.8,1
117.05,8.15,1
117.05,8.1,1
117.05,8.05,1
117.05,8,1
117.05,7.9,1
117.05,7.85,1
117.05,7.8,1
117.1,8.05,1
117.1,8,1
117.1,7.95,1
117.1,7.9,1
117.1,7.85,1
117.15,8.35,1
117.15,8.3,1
117.15,8.25,1
117.2,8.55,1
117.2,8.5,1
117.2,8.45,1
117.2,8.4,1
117.2,8.35,1
117.2,8.3,1
117.2,8.25,1
117.25,8.65,1
117.25,8.6,1
117.25,8.55,1
117.25,8.4,1
117.25,8.35,1
117.25,8.3,1
117.25,8.25,1
117.25,8.2,1
117.3,8.7,1
117.3,8.65,1
117.3,8.6,1
117.3,8.45,1
117.3,8.4,1
117.3,8.35,1
117.3,8.3,1
117.3,8.2,1
117.35,8.75,1
117.35,8.7,1
117.35,8.5,1
117.35,8.45,1
117.35,8.35,1
117.35,8.3,1
117.35,8.25,1
117.35,8.2,1
117.4,8.8,1
117.4,8.75,1
117.4,8.55,1
117.4,8.5,1
117.45,8.85,1
117.45,8.8,1
117.45,8.75,1
117.45,8.55,1
117.45,8.5,1
117.5,8.9,1
117.5,8.85,1
117.5,8.6,1
117.5,8.55,1
117.5,8.5,1
117.55,8.95,1
117.55,8.7,1
117.55,8.65,1
117.55,8.6,1
117.55,8.55,1
117.6,9.05,1
117.6,9,1
117.6,8.95,1
117.6,8.7,1
117.6,8.65,1
117.65,9.05,1
117.65,8.65,1
117.7,9.1,1
117.7,9.05,1
117.7,8.7,1
117.7,8.65,1
117.75,9.15,1
117.75,9.1,1
117.75,9.05,1
117.75,8.7,1
117.8,9.2,1
117.8,9.15,1
117.8,8.8,1
117.8,8.75,1
117.8,8.7,1
117.85,9.25,1
117.85,9.2,1
117.85,8.8,1
117.85,8.75,1
117.9,9.25,1
117.9,8.85,1
117.9,8.8,1
117.95,9.25,1
117.95,8.9,1
117.95,8.85,1
118,9.3,1
118,9.25,1
118,8.9,1
118,8.85,1
118.05,9.3,1
118.05,9.25,1
118.05,9.05,1
118.05,9,1
118.05,8.95,1
118.1,9.4,1
118.1,9.35,1
118.1,9.3,1
118.1,9.15,1
118.1,9.1,1
118.1,9.05,1
118.1,9,1
118.15,9.4,1
118.15,9.15,1
118.2,9.5,1
118.2,9.45,1
118.2,9.4,1
118.2,9.15,1
118.25,9.55,1
118.25,9.5,1
118.25,9.2,1
118.25,9.15,1
118.3,9.6,1
118.3,9.55,1
118.3,9.2,1
118.3,9.15,1
118.35,9.65,1
118.35,9.6,1
118.35,9.2,1
118.35,9.15,1
118.4,9.7,1
118.4,9.65,1
118.4,9.25,1
118.4,9.2,1
118.45,9.75,1
118.45,9.7,1
118.45,9.3,1
118.45,9.25,1
118.5,9.8,1
118.5,9.75,1
118.5,9.35,1
118.5,9.3,1
118.55,9.85,1
118.55,9.8,1
118.55,9.45,1
118.55,9.4,1
118.55,9.35,1
118.6,9.95,1
118.6,9.9,1
118.6,9.85,1
118.6,9.5,1
118.6,9.45,1
118.65,10,1
118.65,9.95,1
118.65,9.55,1
118.65,9.5,1
118.7,10.05,1
118.7,10,1
118.7,9.8,1
118.7,9.75,1
118.7,9.7,1
118.7,9.65,1
118.7,9.6,1
118.7,9.55,1
118.75,10.15,1
118.75,10.1,1
118.75,10.05,1
118.75,9.95,1
118.75,9.9,1
118.75,9.85,1
118.75,9.8,1
118.75,9.75,1
118.75,9.7,1
118.75,9.65,1
118.8,10.2,1
118.8,10.15,1
118.8,10.1,1
118.8,10.05,1
118.8,9.95,1
118.85,10.2,1
118.85,10.1,1
118.85,10,1
118.85,9.95,1
118.9,10.2,1
118.9,10,1
118.9,9.95,1
118.95,10.4,1
118.95,10.35,1
118.95,10.3,1
118.95,10.25,1
118.95,10.2,1
118.95,10,1
119,10.4,1
119,10.35,1
119,10.3,1
119,10,1
119.05,10.45,1
119.05,10.4,1
119.05,10.35,1
119.05,10,1
119.1,10.5,1
119.1,10.45,1
119.1,10.4,1
119.1,10.05,1
119.1,10,1
119.15,10.45,1
119.15,10.4,1
119.15,10.05,1
119.2,10.95,1
119.2,10.9,1
119.2,10.85,1
119.2,10.5,1
119.2,10.45,1
119.2,10.4,1
119.2,10.1,1
119.2,10.05,1
119.25,10.95,1
119.25,10.9,1
119.25,10.85,1
119.25,10.8,1
119.25,10.75,1
119.25,10.55,1
119.25,10.5,1
119.25,10.25,1
119.25,10.2,1
119.25,10.15,1
119.25,10.1,1
119.3,11.1,1
119.3,11.05,1
119.3,11,1
119.3,10.95,1
119.3,10.9,1
119.3,10.85,1
119.3,10.8,1
119.3,10.75,1
119.3,10.65,1
119.3,10.6,1
119.3,10.55,1
119.3,10.3,1
119.3,10.25,1
119.35,11.2,1
119.35,11.15,1
119.35,11.1,1
119.35,11.05,1
119.35,11,1
119.35,10.95,1
119.35,10.9,1
119.35,10.85,1
119.35,10.8,1
119.35,10.75,1
119.35,10.7,1
119.35,10.65,1
119.35,10.6,1
119.35,10.35,1
119.35,10.3,1
119.4,11.35,1
119.4,11.3,1
119.4,11.25,1
119.4,11.2,1
119.4,11.15,1
119.4,11.1,1
119.4,11.05,1
119.4,10.85,1
119.4,10.8,1
119.4,10.75,1
119.4,10.35,1
119.45,11.45,1
119.45,11.4,1
119.45,11.35,1
119.45,11.3,1
119.45,11.15,1
119.45,10.85,1
119.45,10.8,1
119.45,10.75,1
119.45,10.7,1
119.45,10.4,1
119.45,10.35,1
119.5,11.45,1
119.5,11.4,1
119.5,11.35,1
119.5,11.15,1
119.5,11.1,1
119.5,11,1
119.5,10.95,1
119.5,10.9,1
119.5,10.85,1
119.5,10.4,1
119.5,10.35,1
119.55,11.35,1
119.55,11.3,1
119.55,11.25,1
119.55,11.2,1
119.55,11.15,1
119.55,11.1,1
119.55,11.05,1
119.55,11,1
119.55,10.85,1
119.55,10.8,1
119.55,10.7,1
119.55,10.65,1
119.55,10.4,1
119.55,10.35,1
119.6,11.2,1
119.6,11.15,1
119.6,11.1,1
119.6,11.05,1
119.6,11,1
119.6,10.85,1
119.6,10.8,1
119.6,10.75,1
119.6,10.7,1
119.6,10.65,1
119.6,10.45,1
119.6,10.4,1
119.65,11.2,1
119.65,11.15,1
119.65,11.05,1
119.65,11,1
119.65,10.7,1
119.65,10.65,1
119.65,10.6,1
119.65,10.55,1
119.65,10.5,1
119.65,10.45,1
119.7,11.5,1
119.7,11.45,1
119.7,10.55,1
119.7,10.5,1
119.75,16.3,1
119.75,16.25,1
119.75,16.2,1
119.75,16.15,1
119.75,16.1,1
119.75,16.05,1
119.75,16,1
119.75,15.95,1
119.75,15.9,1
119.75,11.5,1
119.75,11.45,1
119.75,11.4,1
119.75,10.55,1
119.75,10.5,1
119.75,10.45,1
119.75,5.1,1
119.75,5.05,1
119.8,16.35,1
119.8,16.3,1
119.8,15.95,1
119.8,15.9,1
119.8,11.5,1
119.8,11.45,1
119.8,11.4,1
119.8,10.6,1
119.8,10.55,1
119.8,10.45,1
119.8,5.15,1
119.8,5.1,1
119.8,5.05,1
119.8,4.95,1
119.8,4.9,1
119.8,4.85,1
119.85,16.4,1
119.85,16.35,1
119.85,15.95,1
119.85,12.3,1
119.85,12.25,1
119.85,12.2,1
119.85,12.15,1
119.85,11.95,1
119.85,11.9,1
119.85,11.5,1
119.85,11.45,1
119.85,11.4,1
119.85,10.65,1
119.85,10.6,1
119.85,10.5,1
119.85,10.45,1
119.85,5.15,1
119.85,5.05,1
119.85,4.9,1
119.85,4.85,1
119.9,16.4,1
119.9,16.35,1
119.9,15.9,1
119.9,15.85,1
119.9,15.8,1
119.9,15.75,1
119.9,15.7,1
119.9,15.65,1
119.9,15.6,1
119.9,15.55,1
119.9,15.5,1
119.9,15.45,1
119.9,15.4,1
119.9,12.35,1
119.9,12.3,1
119.9,12.25,1
119.9,12.2,1
119.9,12.15,1
119.9,12,1
119.9,11.95,1
119.9,11.9,1
119.9,11.85,1
119.9,11.8,1
119.9,11.75,1
119.9,10.65,1
119.9,10.6,1
119.9,10.55,1
119.9,10.5,1
119.9,10.45,1
119.9,5.2,1
119.9,5.15,1
119.9,5.1,1
119.9,5.05,1
119.95,16.35,1
119.95,15.4,1
119.95,15.35,1
119.95,15.3,1
119.95,12.3,1
119.95,12.25,1
119.95,12.15,1
119.95,12.1,1
119.95,12.05,1
119.95,12,1
119.95,11.95,1
119.95,11.9,1
119.95,11.8,1
119.95,11.75,1
119.95,11.7,1
119.95,11.65,1
119.95,10.6,1
119.95,10.55,1
119.95,10.5,1
119.95,5.25,1
119.95,5.2,1
119.95,5.1,1
120,16.35,1
120,16.3,1
120,16.25,1
120,16.2,1
120,15.3,1
120,15.25,1
120,15.2,1
120,12.25,1
120,12.05,1
120,12,1
120,11.95,1
120,11.9,1
120,11.85,1
120,11.8,1
120,11.75,1
120,11.7,1
120,11.65,1
120,10.6,1
120,10.55,1
120,5.25,1
120,5.15,1
120,5.1,1
120.05,16.2,1
120.05,16.15,1
120.05,15.2,1
120.05,15.15,1
120.05,15.1,1
120.05,15.05,1
120.05,15,1
120.05,14.95,1
120.05,14.9,1
120.05,14.85,1
120.05,13.85,1
120.05,12.25,1
120.05,12.2,1
120.05,12,1
120.05,11.9,1
120.05,11.85,1
120.05,11.8,1
120.05,11.75,1
120.05,11.7,1
120.05,5.25,1
120.05,5.2,1
120.05,5.15,1
120.1,16.15,1
120.1,16.1,1
120.1,16.05,1
120.1,14.85,1
120.1,14.8,1
120.1,14.75,1
120.1,13.85,1
120.1,13.8,1
120.1,13.75,1
120.1,12.2,1
120.1,12.15,1
120.1,12.05,1
120.1,12,1
120.1,11.95,1
120.1,5.3,1
120.1,5.25,1
120.1,5.2,1
120.1,5.15,1
120.15,16.05,1
120.15,14.75,1
120.15,13.85,1
120.15,13.75,1
120.15,12.15,1
120.15,12.1,1
120.15,12.05,1
120.15,12,1
120.15,5.35,1
120.15,5.3,1
120.15,5.2,1
120.15,5.15,1
120.2,16.05,1
120.2,14.85,1
120.2,14.8,1
120.2,14.75,1
120.2,13.85,1
120.2,13.8,1
120.2,13.75,1
120.2,13.7,1
120.2,12.25,1
120.2,12.2,1
120.2,12.15,1
120.2,12.1,1
120.2,12,1
120.2,11.95,1
120.2,11.9,1
120.2,5.35,1
120.2,5.3,1
120.2,5.25,1
120.2,5.2,1
120.2,5.15,1
120.2,5.1,1
120.25,16.05,1
120.25,14.85,1
120.25,14.8,1
120.25,14.75,1
120.25,14.7,1
120.25,14.65,1
120.25,13.8,1
120.25,13.75,1
120.25,13.7,1
120.25,13.65,1
120.25,12.2,1
120.25,12.15,1
120.25,12,1
120.25,11.95,1
120.25,11.9,1
120.25,11.85,1
120.25,11.8,1
120.25,5.3,1
120.25,5.25,1
120.25,5.2,1
120.25,5.15,1
120.3,16.65,1
120.3,16.6,1
120.3,16.55,1
120.3,16.5,1
120.3,16.4,1
120.3,16.35,1
120.3,16.05,1
120.3,14.65,1
120.3,13.85,1
120.3,13.8,1
120.3,13.75,1
120.3,13.7,1
120.3,13.5,1
120.3,13.45,1
120.3,13.4,1
120.3,12.15,1
120.3,12.1,1
120.3,12.05,1
120.3,12,1
120.3,11.95,1
120.3,5.25,1
120.3,5.2,1
120.35,17.7,1
120.35,17.65,1
120.35,17.6,1
120.35,17.55,1
120.35,16.85,1
120.35,16.8,1
120.35,16.75,1
120.35,16.7,1
120.35,16.65,1
120.35,16.5,1
120.35,16.45,1
120.35,16.4,1
120.35,16.35,1
120.35,16.3,1
120.35,16.25,1
120.35,16.1,1
120.35,16.05,1
120.35,14.65,1
120.35,14.6,1
120.35,14.55,1
120.35,14.5,1
120.35,13.8,1
120.35,13.5,1
120.35,13.4,1
120.35,12.1,1
120.35,12.05,1
120.35,12,1
120.4,17.8,1
120.4,17.75,1
120.4,17.7,1
120.4,17.55,1
120.4,17.5,1
120.4,17.3,1
120.4,17.25,1
120.4,17.2,1
120.4,16.95,1
120.4,16.9,1
120.4,16.85,1
120.4,16.25,1
120.4,16.2,1
120.4,16.15,1
120.4,16.1,1
120.4,14.45,1
120.4,13.55,1
120.4,13.5,1
120.4,13.45,1
120.4,13.4,1
120.45,18.1,1
120.45,18.05,1
120.45,18,1
120.45,17.95,1
120.45,17.9,1
120.45,17.85,1
120.45,17.8,1
120.45,17.5,1
120.45,17.45,1
120.45,17.4,1
120.45,17.35,1
120.45,17.3,1
120.45,17.2,1
120.45,17.15,1
120.45,17.1,1
120.45,17.05,1
120.45,17,1
120.45,16.95,1
120.45,14.45,1
120.45,14.4,1
120.45,13.55,1
120.45,13.5,1
120.45,13.45,1
120.45,13.4,1
120.45,13.35,1
120.5,18.2,1
120.5,18.15,1
120.5,18.1,1
120.5,14.4,1
120.5,13.5,1
120.5,13.35,1
120.5,13.3,1
120.5,13.25,1
120.5,13.2,1
120.5,6.3,1
120.5,6.25,1
120.55,18.5,1
120.55,18.45,1
120.55,18.3,1
120.55,18.25,1
120.55,18.2,1
120.55,14.8,1
120.55,14.75,1
120.55,14.7,1
120.55,14.65,1
120.55,14.45,1
120.55,14.4,1
120.55,13.5,1
120.55,13.25,1
120.55,13.2,1
120.55,6.4,1
120.55,6.35,1
120.55,6.3,1
120.55,6.25,1
120.6,18.55,1
120.6,18.5,1
120.6,18.45,1
120.6,18.4,1
120.6,18.35,1
120.6,18.3,1
120.6,14.8,1
120.6,14.65,1
120.6,14.6,1
120.6,14.55,1
120.6,14.5,1
120.6,14.45,1
120.6,14.25,1
120.6,14.2,1
120.6,14.15,1
120.6,14.1,1
120.6,14.05,1
120.6,14,1
120.6,13.95,1
120.6,13.9,1
120.6,13.85,1
120.6,13.8,1
120.6,13.5,1
120.6,13.25,1
120.6,13.2,1
120.6,6.4,1
120.6,6.35,1
120.6,6.3,1
120.6,6.25,1
120.65,18.55,1
120.65,14.8,1
120.65,14.75,1
120.65,14.3,1
120.65,14.25,1
120.65,13.85,1
120.65,13.8,1
120.65,13.5,1
120.65,13.2,1
120.65,13.15,1
120.7,18.55,1
120.7,14.75,1
120.7,14.3,1
120.7,13.95,1
120.7,13.9,1
120.7,13.85,1
120.7,13.5,1
120.7,13.15,1
120.7,13.1,1
120.7,13.05,1
120.75,18.55,1
120.75,14.75,1
120.75,14.35,1
120.75,14.3,1
120.75,13.95,1
120.75,13.5,1
120.75,13.45,1
120.75,13.05,1
120.75,13,1
120.75,12.95,1
120.75,12.85,1
120.75,5.55,1
120.75,5.5,1
120.8,18.65,1
120.8,18.6,1
120.8,18.55,1
120.8,14.75,1
120.8,14.4,1
120.8,14.35,1
120.8,13.95,1
120.8,13.9,1
120.8,13.5,1
120.8,13.45,1
120.8,12.95,1
120.8,12.9,1
120.8,12.85,1
120.8,12.8,1
120.8,12.75,1
120.8,12.7,1
120.8,5.7,1
120.8,5.65,1
120.8,5.6,1
120.8,5.55,1
120.8,5.5,1
120.85,18.65,1
120.85,18.6,1
120.85,14.75,1
120.85,14.7,1
120.85,14.45,1
120.85,14.4,1
120.85,13.9,1
120.85,13.5,1
120.85,12.75,1
120.85,12.7,1
120.85,5.95,1
120.85,5.7,1
120.85,5.65,1
120.85,5.6,1
120.85,5.5,1
120.9,18.6,1
120.9,14.75,1
120.9,14.7,1
120.9,14.45,1
120.9,13.9,1
120.9,13.85,1
120.9,13.8,1
120.9,13.5,1
120.9,12.7,1
120.9,12.65,1
120.9,12.6,1
120.9,12.55,1
120.9,12.5,1
120.9,6.05,1
120.9,6,1
120.9,5.95,1
120.9,5.9,1
120.9,5.75,1
120.9,5.7,1
120.9,5.55,1
120.9,5.5,1
120.95,18.6,1
120.95,14.7,1
120.95,14.65,1
120.95,14.6,1
120.95,14.5,1
120.95,14.45,1
120.95,13.8,1
120.95,13.5,1
120.95,13.45,1
120.95,12.6,1
120.95,12.55,1
120.95,12.5,1
120.95,12.45,1
120.95,6.05,1
120.95,5.9,1
120.95,5.75,1
120.95,5.7,1
121,18.6,1
121,14.55,1
121,14.5,1
121,13.8,1
121,13.75,1
121,13.45,1
121,12.45,1
121,12.4,1
121,10.85,1
121,10.8,1
121,6.1,1
121,6.05,1
121,5.95,1
121,5.9,1
121.05,18.6,1
121.05,13.75,1
121.05,13.7,1
121.05,13.65,1
121.05,13.45,1
121.05,13.4,1
121.05,12.4,1
121.05,12.35,1
121.05,12.3,1
121.05,12.25,1
121.05,12.2,1
121.05,10.9,1
121.05,10.85,1
121.05,10.8,1
121.05,6.1,1
121.05,5.95,1
121.05,5.9,1
121.1,18.65,1
121.1,18.6,1
121.1,13.65,1
121.1,13.4,1
121.1,12.35,1
121.1,12.3,1
121.1,12.25,1
121.1,12.2,1
121.1,12.15,1
121.1,10.9,1
121.1,10.85,1
121.1,6.1,1
121.1,5.9,1
121.15,18.65,1
121.15,18.6,1
121.15,13.65,1
121.15,13.4,1
121.15,12.25,1
121.15,12.2,1
121.15,12.15,1
121.15,6.1,1
121.15,6.05,1
121.15,5.95,1
121.15,5.9,1
121.15,5.85,1
121.15,5.8,1
121.2,19.15,1
121.2,19.1,1
121.2,19.05,1
121.2,18.6,1
121.2,13.65,1
121.2,13.4,1
121.2,12.25,1
121.2,6.05,1
121.2,6,1
121.2,5.95,1
121.2,5.85,1
121.2,5.8,1
121.25,19.15,1
121.25,19.1,1
121.25,19.05,1
121.25,18.6,1
121.25,18.55,1
121.25,13.65,1
121.25,13.4,1
121.25,13.35,1
121.25,12.3,1
121.25,12.25,1
121.25,12.2,1
121.25,6,1
121.25,5.95,1
121.25,5.9,1
121.25,5.85,1
121.3,18.9,1
121.3,18.85,1
121.3,18.55,1
121.3,18.5,1
121.3,13.65,1
121.3,13.35,1
121.3,13.3,1
121.3,12.3,1
121.3,6,1
121.3,5.9,1
121.3,5.85,1
121.35,18.9,1
121.35,18.85,1
121.35,18.5,1
121.35,13.65,1
121.35,13.3,1
121.35,13.25,1
121.35,12.35,1
121.35,12.3,1
121.35,12.1,1
121.35,12.05,1
121.35,12,1
121.35,6,1
121.35,5.9,1
121.4,19.4,1
121.4,19.35,1
121.4,19.3,1
121.4,18.9,1
121.4,18.85,1
121.4,18.5,1
121.4,15.35,1
121.4,15.3,1
121.4,15.25,1
121.4,15.2,1
121.4,13.65,1
121.4,13.25,1
121.4,12.45,1
121.4,12.4,1
121.4,12.35,1
121.4,12.3,1
121.4,12.1,1
121.4,12.05,1
121.4,12,1
121.4,11.85,1
121.4,6,1
121.4,5.95,1
121.4,5.9,1
121.45,19.4,1
121.45,19.3,1
121.45,19.25,1
121.45,18.9,1
121.45,18.85,1
121.45,18.45,1
121.45,15.45,1
121.45,15.4,1
121.45,15.35,1
121.45,15.2,1
121.45,13.85,1
121.45,13.8,1
121.45,13.75,1
121.45,13.7,1
121.45,13.65,1
121.45,13.25,1
121.45,13.2,1
121.45,13.15,1
121.45,12.8,1
121.45,12.75,1
121.45,12.55,1
121.45,12.5,1
121.45,12.45,1
121.45,12.4,1
121.45,12.35,1
121.45,11.85,1
121.45,6,1
121.45,5.95,1
121.5,19.4,1
121.5,19.35,1
121.5,19.3,1
121.5,19.25,1
121.5,18.45,1
121.5,18.4,1
121.5,15.55,1
121.5,15.5,1
121.5,15.45,1
121.5,15.2,1
121.5,15.15,1
121.5,15.1,1
121.5,15.05,1
121.5,13.85,1
121.5,13.15,1
121.5,13.05,1
121.5,13,1
121.5,12.95,1
121.5,12.9,1
121.5,12.85,1
121.5,12.8,1
121.5,12.75,1
121.5,12.7,1
121.5,12.6,1
121.5,12.55,1
121.5,11.85,1
121.55,19.35,1
121.55,19.3,1
121.55,19.25,1
121.55,18.4,1
121.55,15.9,1
121.55,15.85,1
121.55,15.8,1
121.55,15.75,1
121.55,15.6,1
121.55,15.55,1
121.55,15.05,1
121.55,15,1
121.55,14.95,1
121.55,14.9,1
121.55,13.9,1
121.55,13.85,1
121.55,13.15,1
121.55,13.1,1
121.55,13.05,1
121.55,12.7,1
121.55,12.65,1
121.55,12.6,1
121.55,11.95,1
121.55,11.9,1
121.55,11.85,1
121.6,18.4,1
121.6,18.35,1
121.6,15.95,1
121.6,15.75,1
121.6,15.7,1
121.6,15.65,1
121.6,15.6,1
121.6,14.9,1
121.6,14.85,1
121.6,14.8,1
121.6,14.65,1
121.6,14.6,1
121.6,14.55,1
121.6,14.5,1
121.6,13.9,1
121.6,11.95,1
121.6,11.9,1
121.65,18.35,1
121.65,16,1
121.65,15.95,1
121.65,15.75,1
121.65,15.7,1
121.65,14.8,1
121.65,14.75,1
121.65,14.7,1
121.65,14.65,1
121.65,14.55,1
121.65,14.5,1
121.65,14.45,1
121.65,14.4,1
121.65,13.9,1
121.7,18.35,1
121.7,16.05,1
121.7,16,1
121.7,14.75,1
121.7,14.7,1
121.7,14.4,1
121.7,14.35,1
121.7,13.95,1
121.7,13.9,1
121.75,18.35,1
121.75,18.3,1
121.75,16.1,1
121.75,16.05,1
121.75,14.35,1
121.75,14.3,1
121.75,14.25,1
121.75,14.2,1
121.75,14.15,1
121.75,14.1,1
121.75,13.95,1
121.75,6.1,1
121.75,6.05,1
121.8,18.3,1
121.8,16.1,1
121.8,16.05,1
121.8,15,1
121.8,14.95,1
121.8,14.9,1
121.8,14.1,1
121.8,13.95,1
121.8,13.9,1
121.8,13.45,1
121.8,13.4,1
121.8,13.35,1
121.8,6.65,1
121.8,6.6,1
121.8,6.1,1
121.8,6.05,1
121.8,6,1
121.85,19,1
121.85,18.95,1
121.85,18.9,1
121.85,18.85,1
121.85,18.3,1
121.85,16.1,1
121.85,15.05,1
121.85,15,1
121.85,14.9,1
121.85,14.85,1
121.85,14.1,1
121.85,14.05,1
121.85,13.9,1
121.85,13.55,1
121.85,13.5,1
121.85,13.35,1
121.85,13.3,1
121.85,11.8,1
121.85,11.75,1
121.85,6.7,1
121.85,6.65,1
121.85,6.6,1
121.85,6.55,1
121.85,6.5,1
121.85,6.05,1
121.85,6,1
121.9,19.55,1
121.9,19.5,1
121.9,19,1
121.9,18.9,1
121.9,18.85,1
121.9,18.3,1
121.9,16.15,1
121.9,16.1,1
121.9,15.05,1
121.9,14.85,1
121.9,14.8,1
121.9,14.75,1
121.9,14.7,1
121.9,14.65,1
121.9,14.05,1
121.9,14,1
121.9,13.9,1
121.9,13.85,1
121.9,13.55,1
121.9,13.3,1
121.9,13.25,1
121.9,12.3,1
121.9,11.9,1
121.9,11.85,1
121.9,11.8,1
121.9,11.75,1
121.9,10.75,1
121.9,10.5,1
121.9,10.45,1
121.9,7.2,1
121.9,7.15,1
121.9,7.1,1
121.9,7.05,1
121.9,7,1
121.9,6.7,1
121.9,6.65,1
121.9,6.55,1
121.9,6.5,1
121.9,6.45,1
121.9,6.05,1
121.9,6,1
121.95,19.55,1
121.95,19.5,1
121.95,19,1
121.95,18.95,1
121.95,18.9,1
121.95,18.3,1
121.95,16.15,1
121.95,15.05,1
121.95,14.75,1
121.95,14.7,1
121.95,14.65,1
121.95,14,1
121.95,13.85,1
121.95,13.8,1
121.95,13.55,1
121.95,13.25,1
121.95,13.2,1
121.95,12.4,1
121.95,12.35,1
121.95,12.3,1
121.95,12.25,1
121.95,12.2,1
121.95,12.15,1
121.95,11.95,1
121.95,11.9,1
121.95,11.75,1
121.95,10.9,1
121.95,10.85,1
121.95,10.8,1
121.95,10.75,1
121.95,10.7,1
121.95,10.65,1
121.95,10.6,1
121.95,10.55,1
121.95,10.5,1
121.95,10.45,1
121.95,10.4,1
121.95,7.25,1
121.95,7.2,1
121.95,7,1
121.95,6.95,1
121.95,6.7,1
121.95,6.65,1
121.95,6.45,1
121.95,6.4,1
121.95,6.05,1
122,19.55,1
122,19.5,1
122,18.3,1
122,16.15,1
122,16.1,1
122,16.05,1
122,15.05,1
122,15,1
122,14.95,1
122,14.9,1
122,14.85,1
122,14.8,1
122,14.75,1
122,14.7,1
122,14.65,1
122,14,1
122,13.95,1
122,13.8,1
122,13.55,1
122,13.5,1
122,13.2,1
122,12.6,1
122,12.55,1
122,12.5,1
122,12.45,1
122,12.4,1
122,12.25,1
122,12.2,1
122,12.15,1
122,12.1,1
122,11.9,1
122,11.75,1
122,11,1
122,10.95,1
122,10.9,1
122,10.45,1
122,10.4,1
122,7.3,1
122,7.25,1
122,6.95,1
122,6.9,1
122,6.75,1
122,6.7,1
122,6.4,1
122.05,18.35,1
122.05,18.3,1
122.05,16.1,1
122.05,16.05,1
122.05,15,1
122.05,14.95,1
122.05,13.95,1
122.05,13.8,1
122.05,13.55,1
122.05,13.5,1
122.05,13.3,1
122.05,13.25,1
122.05,13.2,1
122.05,12.95,1
122.05,12.9,1
122.05,12.65,1
122.05,12.6,1
122.05,12.3,1
122.05,12.25,1
122.05,12.2,1
122.05,12.15,1
122.05,11.9,1
122.05,11.85,1
122.05,11.75,1
122.05,11.5,1
122.05,11.45,1
122.05,11.4,1
122.05,11.35,1
122.05,11.3,1
122.05,11.25,1
122.05,11.2,1
122.05,11.15,1
122.05,11.1,1
122.05,11.05,1
122.05,11,1
122.05,10.55,1
122.05,10.5,1
122.05,10.45,1
122.05,7.55,1
122.05,7.5,1
122.05,7.45,1
122.05,7.4,1
122.05,7.35,1
122.05,7.3,1
122.05,6.9,1
122.05,6.75,1
122.05,6.45,1
122.05,6.4,1
122.1,18.45,1
122.1,18.4,1
122.1,18.35,1
122.1,16.15,1
122.1,16.1,1
122.1,14.85,1
122.1,14.8,1
122.1,13.95,1
122.1,13.9,1
122.1,13.8,1
122.1,13.75,1
122.1,13.5,1
122.1,13.45,1
122.1,13.35,1
122.1,13.3,1
122.1,12.95,1
122.1,12.9,1
122.1,12.7,1
122.1,12.65,1
122.1,12.6,1
122.1,12.55,1
122.1,12.5,1
122.1,12.45,1
122.1,12.4,1
122.1,12.35,1
122.1,12.3,1
122.1,11.85,1
122.1,11.75,1
122.1,11.7,1
122.1,11.65,1
122.1,11.6,1
122.1,11.55,1
122.1,11.5,1
122.1,10.6,1
122.1,10.55,1
122.1,7.8,1
122.1,7.75,1
122.1,7.7,1
122.1,7.65,1
122.1,7.6,1
122.1,7.55,1
122.1,7.5,1
122.1,6.95,1
122.1,6.9,1
122.1,6.75,1
122.1,6.7,1
122.1,6.45,1
122.15,18.5,1
122.15,18.45,1
122.15,17.9,1
122.15,17.85,1
122.15,17.8,1
122.15,17.75,1
122.15,17.7,1
122.15,17.65,1
122.15,17.6,1
122.15,16.2,1
122.15,16.15,1
122.15,14.85,1
122.15,14.8,1
122.15,14.75,1
122.15,13.9,1
122.15,13.75,1
122.15,13.7,1
122.15,13.65,1
122.15,13.45,1
122.15,13.4,1
122.15,13.35,1
122.15,12.65,1
122.15,12.6,1
122.15,12.55,1
122.15,11.85,1
122.15,11.8,1
122.15,10.6,1
122.15,7.85,1
122.15,7.8,1
122.15,7.7,1
122.15,7.65,1
122.15,7.6,1
122.15,7.55,1
122.15,6.95,1
122.15,6.9,1
122.15,6.7,1
122.15,6.65,1
122.15,6.45,1
122.2,18.5,1
122.2,18.15,1
122.2,18.1,1
122.2,18.05,1
122.2,18,1
122.2,17.95,1
122.2,17.9,1
122.2,17.6,1
122.2,17.55,1
122.2,17.5,1
122.2,17.45,1
122.2,16.45,1
122.2,16.3,1
122.2,16.25,1
122.2,16.2,1
122.2,14.85,1
122.2,14.8,1
122.2,14.75,1
122.2,14.2,1
122.2,14.15,1
122.2,14.1,1
122.2,14.05,1
122.2,13.9,1
122.2,13.65,1
122.2,13.6,1
122.2,11.8,1
122.2,10.65,1
122.2,10.6,1
122.2,7.95,1
122.2,7.9,1
122.2,7.85,1
122.2,7.1,1
122.2,7.05,1
122.2,7,1
122.2,6.95,1
122.2,6.9,1
122.2,6.65,1
122.2,6.6,1
122.2,6.55,1
122.2,6.5,1
122.2,6.45,1
122.25,18.5,1
122.25,18.45,1
122.25,18.4,1
122.25,18.2,1
122.25,18.15,1
122.25,17.45,1
122.25,17.4,1
122.25,17.35,1
122.25,16.55,1
122.25,16.5,1
122.25,16.45,1
122.25,16.4,1
122.25,16.35,1
122.25,16.3,1
122.25,14.8,1
122.25,14.75,1
122.25,14.25,1
122.25,14.2,1
122.25,14.05,1
122.25,13.95,1
122.25,13.9,1
122.25,13.6,1
122.25,12.6,1
122.25,12.55,1
122.25,12.5,1
122.25,11.8,1
122.25,11.75,1
122.25,10.65,1
122.25,8,1
122.25,7.95,1
122.25,7.9,1
122.25,7.25,1
122.25,7.2,1
122.25,7.15,1
122.25,7.1,1
122.25,7,1
122.25,6.95,1
122.25,6.65,1
122.25,6.6,1
122.3,18.4,1
122.3,18.35,1
122.3,18.25,1
122.3,18.2,1
122.3,17.35,1
122.3,16.6,1
122.3,16.55,1
122.3,14.25,1
122.3,14.15,1
122.3,14.05,1
122.3,14,1
122.3,13.95,1
122.3,13.6,1
122.3,12.65,1
122.3,12.6,1
122.3,12.55,1
122.3,12.5,1
122.3,11.75,1
122.3,10.65,1
122.3,8,1
122.3,7.35,1
122.3,7.3,1
122.3,7.25,1
122.3,7,1
122.3,6.95,1
122.3,6.65,1
122.3,6.6,1
122.35,18.35,1
122.35,18.3,1
122.35,18.25,1
122.35,17.35,1
122.35,16.7,1
122.35,16.65,1
122.35,16.6,1
122.35,14.2,1
122.35,14.15,1
122.35,13.6,1
122.35,13.55,1
122.35,12.55,1
122.35,12.5,1
122.35,11.75,1
122.35,11.7,1
122.35,10.65,1
122.35,8.05,1
122.35,7.5,1
122.35,7.45,1
122.35,7.4,1
122.35,7.35,1
122.35,7.3,1
122.35,6.65,1
122.35,6.6,1
122.4,17.35,1
122.4,17.3,1
122.4,16.8,1
122.4,16.75,1
122.4,16.7,1
122.4,14.3,1
122.4,14.25,1
122.4,14.2,1
122.4,13.55,1
122.4,13.5,1
122.4,13.45,1
122.4,12.45,1
122.4,11.75,1
122.4,11.7,1
122.4,11.65,1
122.4,10.7,1
122.4,10.65,1
122.4,9.9,1
122.4,9.85,1
122.4,9.8,1
122.4,9.75,1
122.4,9.7,1
122.4,9.65,1
122.4,8.05,1
122.4,7.5,1
122.4,7.4,1
122.4,7.35,1
122.45,17.3,1
122.45,17.25,1
122.45,17.2,1
122.45,17.15,1
122.45,17,1
122.45,16.95,1
122.45,16.9,1
122.45,16.85,1
122.45,16.8,1
122.45,14.3,1
122.45,13.95,1
122.45,13.9,1
122.45,13.85,1
122.45,13.45,1
122.45,13.4,1
122.45,12.5,1
122.45,12.45,1
122.45,12.4,1
122.45,11.65,1
122.45,11.6,1
122.45,11.55,1
122.45,10.7,1
122.45,10.5,1
122.45,10.45,1
122.45,10,1
122.45,9.95,1
122.45,9.9,1
122.45,9.65,1
122.45,9.6,1
122.45,8.1,1
122.45,8.05,1
122.45,7.65,1
122.45,7.6,1
122.45,7.55,1
122.45,7.5,1
122.5,17.15,1
122.5,17.1,1
122.5,17.05,1
122.5,17,1
122.5,14.35,1
122.5,14.3,1
122.5,13.95,1
122.5,13.85,1
122.5,13.8,1
122.5,13.75,1
122.5,13.7,1
122.5,13.65,1
122.5,13.6,1
122.5,13.4,1
122.5,13.35,1
122.5,13.3,1
122.5,13.25,1
122.5,12.5,1
122.5,12.4,1
122.5,12.35,1
122.5,11.6,1
122.5,11.55,1
122.5,10.7,1
122.5,10.6,1
122.5,10.55,1
122.5,10.5,1
122.5,10.45,1
122.5,10.4,1
122.5,10,1
122.5,9.6,1
122.5,9.55,1
122.5,9.5,1
122.5,8.1,1
122.5,8.05,1
122.5,7.7,1
122.5,7.65,1
122.5,7.6,1
122.5,7.55,1
122.55,14.35,1
122.55,13.95,1
122.55,13.9,1
122.55,13.6,1
122.55,13.55,1
122.55,13.25,1
122.55,13.2,1
122.55,12.5,1
122.55,12.35,1
122.55,12.3,1
122.55,11.6,1
122.55,11.55,1
122.55,11.5,1
122.55,10.7,1
122.55,10.65,1
122.55,10.6,1
122.55,10.55,1
122.55,10.45,1
122.55,10.4,1
122.55,10,1
122.55,9.5,1
122.55,9.45,1
122.55,8.1,1
122.55,7.75,1
122.55,7.7,1
122.6,14.35,1
122.6,14.3,1
122.6,13.9,1
122.6,13.55,1
122.6,13.5,1
122.6,13.2,1
122.6,13.15,1
122.6,12.5,1
122.6,12.3,1
122.6,11.55,1
122.6,11.5,1
122.6,10.8,1
122.6,10.75,1
122.6,10.7,1
122.6,10.65,1
122.6,10.45,1
122.6,10,1
122.6,9.45,1
122.6,9.4,1
122.6,8.1,1
122.6,7.75,1
122.65,14.35,1
122.65,14.3,1
122.65,13.9,1
122.65,13.85,1
122.65,13.8,1
122.65,13.55,1
122.65,13.5,1
122.65,13.45,1
122.65,13.4,1
122.65,13.2,1
122.65,12.5,1
122.65,12.45,1
122.65,12.3,1
122.65,12.25,1
122.65,11.6,1
122.65,11.55,1
122.65,11.5,1
122.65,10.8,1
122.65,10.75,1
122.65,10.5,1
122.65,10.45,1
122.65,10,1
122.65,9.4,1
122.65,8.15,1
122.65,8.1,1
122.65,7.8,1
122.65,7.75,1
122.7,14.35,1
122.7,14.3,1
122.7,13.8,1
122.7,13.4,1
122.7,13.35,1
122.7,13.3,1
122.7,13.25,1
122.7,13.2,1
122.7,12.45,1
122.7,12.4,1
122.7,12.35,1
122.7,12.3,1
122.7,11.6,1
122.7,11.55,1
122.7,10.95,1
122.7,10.85,1
122.7,10.8,1
122.7,10.75,1
122.7,10.7,1
122.7,10.65,1
122.7,10.6,1
122.7,10.55,1
122.7,10.5,1
122.7,10,1
122.7,9.4,1
122.7,8.15,1
122.7,8.1,1
122.7,7.8,1
122.7,7.75,1
122.75,14.35,1
122.75,14.3,1
122.75,13.8,1
122.75,13.75,1
122.75,11.6,1
122.75,11,1
122.75,10.95,1
122.75,10.9,1
122.75,10.85,1
122.75,10.8,1
122.75,10.6,1
122.75,10.05,1
122.75,10,1
122.75,9.4,1
122.75,9.35,1
122.75,8.1,1
122.75,7.8,1
122.75,7.75,1
122.8,14.3,1
122.8,13.75,1
122.8,11.6,1
122.8,11,1
122.8,10.9,1
122.8,10.55,1
122.8,10.5,1
122.8,10.45,1
122.8,10.05,1
122.8,9.35,1
122.8,8.15,1
122.8,8.1,1
122.8,7.8,1
122.8,7.75,1
122.8,7.7,1
122.8,7.65,1
122.8,7.6,1
122.8,7.55,1
122.8,7.5,1
122.8,7.45,1
122.8,7.4,1
122.8,7.35,1
122.8,7.3,1
122.85,14.3,1
122.85,14.25,1
122.85,13.75,1
122.85,13.7,1
122.85,13.65,1
122.85,13.6,1
122.85,11.6,1
122.85,11.55,1
122.85,11.5,1
122.85,11.45,1
122.85,11.4,1
122.85,11.05,1
122.85,11,1
122.85,10.55,1
122.85,10.45,1
122.85,10.4,1
122.85,10.35,1
122.85,10.3,1
122.85,10.25,1
122.85,10.2,1
122.85,10.15,1
122.85,10.1,1
122.85,10.05,1
122.85,9.35,1
122.85,9.3,1
122.85,9.25,1
122.85,8.15,1
122.85,7.75,1
122.85,7.7,1
122.85,7.55,1
122.85,7.5,1
122.85,7.45,1
122.85,7.4,1
122.85,7.35,1
122.85,7.3,1
122.9,14.25,1
122.9,14.2,1
122.9,13.6,1
122.9,13.55,1
122.9,11.55,1
122.9,11.5,1
122.9,11.45,1
122.9,11.05,1
122.9,11,1
122.9,10.65,1
122.9,10.6,1
122.9,10.55,1
122.9,10.4,1
122.9,10.35,1
122.9,10.3,1
122.9,10.25,1
122.9,9.3,1
122.9,9.25,1
122.9,9.2,1
122.9,9.15,1
122.9,9.1,1
122.9,8.15,1
122.9,7.55,1
122.9,7.5,1
122.9,7.45,1
122.9,7.4,1
122.9,7.35,1
122.9,7.3,1
122.95,14.2,1
122.95,14.15,1
122.95,13.55,1
122.95,13.5,1
122.95,13.15,1
122.95,13.1,1
122.95,13.05,1
122.95,13,1
122.95,11.5,1
122.95,11.45,1
122.95,11.05,1
122.95,10.9,1
122.95,10.85,1
122.95,10.8,1
122.95,10.75,1
122.95,10.7,1
122.95,10.65,1
122.95,9.1,1
122.95,9.05,1
122.95,8.3,1
122.95,8.25,1
122.95,8.2,1
122.95,8.15,1
122.95,7.55,1
122.95,7.5,1
122.95,7.45,1
122.95,7.4,1
122.95,7.35,1
123,14.15,1
123,14.1,1
123,13.5,1
123,13.15,1
123,13,1
123,11.5,1
123,11.15,1
123,11.1,1
123,11.05,1
123,10.9,1
123,9.05,1
123,8.5,1
123,8.45,1
123,8.4,1
123,8.35,1
123,8.3,1
123,8.25,1
123,8.2,1
123,7.55,1
123,7.5,1
123,7.45,1
123,7.35,1
123.05,14.1,1
123.05,14.05,1
123.05,14,1
123.05,13.9,1
123.05,13.85,1
123.05,13.8,1
123.05,13.75,1
123.05,13.5,1
123.05,13.15,1
123.05,13,1
123.05,12.95,1
123.05,11.55,1
123.05,11.5,1
123.05,11.2,1
123.05,11.15,1
123.05,10.9,1
123.05,9.05,1
123.05,8.5,1
123.05,7.7,1
123.05,7.65,1
123.05,7.6,1
123.05,7.55,1
123.1,14,1
123.1,13.95,1
123.1,13.9,1
123.1,13.85,1
123.1,13.75,1
123.1,13.7,1
123.1,13.5,1
123.1,13.45,1
123.1,13.1,1
123.1,13.05,1
123.1,12.95,1
123.1,12.9,1
123.1,11.55,1
123.1,11.5,1
123.1,11.45,1
123.1,11.35,1
123.1,11.3,1
123.1,11.25,1
123.1,11.2,1
123.1,11.15,1
123.1,10.95,1
123.1,10.9,1
123.1,9.65,1
123.1,9.6,1
123.1,9.55,1
123.1,9.05,1
123.1,8.55,1
123.1,8.5,1
123.1,7.75,1
123.1,7.7,1
123.1,7.55,1
123.1,7.5,1
123.15,13.75,1
123.15,13.7,1
123.15,13.45,1
123.15,13,1
123.15,12.95,1
123.15,12.9,1
123.15,12,1
123.15,11.95,1
123.15,11.9,1
123.15,11.6,1
123.15,11.55,1
123.15,11.5,1
123.15,11.45,1
123.15,11.4,1
123.15,11.35,1
123.15,11.2,1
123.15,11.15,1
123.15,11,1
123.15,10.95,1
123.15,9.9,1
123.15,9.85,1
123.15,9.8,1
123.15,9.75,1
123.15,9.7,1
123.15,9.65,1
123.15,9.6,1
123.15,9.55,1
123.15,9.5,1
123.15,9.1,1
123.15,9.05,1
123.15,8.55,1
123.15,7.75,1
123.15,7.7,1
123.15,7.65,1
123.15,7.6,1
123.15,7.55,1
123.15,7.5,1
123.15,7.45,1
123.2,13.75,1
123.2,13.45,1
123.2,13.4,1
123.2,13.35,1
123.2,12.9,1
123.2,12.85,1
123.2,12.3,1
123.2,12.25,1
123.2,12.2,1
123.2,12.15,1
123.2,12.1,1
123.2,12.05,1
123.2,12,1
123.2,11.95,1
123.2,11.9,1
123.2,11,1
123.2,10,1
123.2,9.95,1
123.2,9.9,1
123.2,9.5,1
123.2,9.45,1
123.2,9.15,1
123.2,9.1,1
123.2,8.55,1
123.2,7.65,1
123.2,7.6,1
123.2,7.55,1
123.2,7.5,1
123.2,7.45,1
123.25,14.1,1
123.25,14.05,1
123.25,14,1
123.25,13.95,1
123.25,13.75,1
123.25,13.35,1
123.25,13.3,1
123.25,13.25,1
123.25,12.9,1
123.25,12.85,1
123.25,12.8,1
123.25,12.6,1
123.25,12.55,1
123.25,12.5,1
123.25,12.45,1
123.25,12.4,1
123.25,12.35,1
123.25,12.3,1
123.25,12.25,1
123.25,12.2,1
123.25,12.15,1
123.25,12.1,1
123.25,12,1
123.25,11.95,1
123.25,11,1
123.25,10.15,1
123.25,10.1,1
123.25,10.05,1
123.25,10,1
123.25,9.45,1
123.25,9.4,1
123.25,9.35,1
123.25,9.2,1
123.25,9.15,1
123.25,8.55,1
123.25,8.5,1
123.25,7.55,1
123.3,14.1,1
123.3,14.05,1
123.3,13.95,1
123.3,13.9,1
123.3,13.85,1
123.3,13.8,1
123.3,13.75,1
123.3,13.25,1
123.3,13.2,1
123.3,13.15,1
123.3,13.1,1
123.3,13.05,1
123.3,13,1
123.3,12.9,1
123.3,12.85,1
123.3,12.8,1
123.3,12.6,1
123.3,12.55,1
123.3,12.25,1
123.3,12.2,1
123.3,12.15,1
123.3,12.1,1
123.3,12.05,1
123.3,12,1
123.3,11,1
123.3,10.95,1
123.3,10.35,1
123.3,10.3,1
123.3,10.25,1
123.3,10.2,1
123.3,10.15,1
123.3,9.7,1
123.3,9.65,1
123.3,9.6,1
123.3,9.55,1
123.3,9.5,1
123.3,9.45,1
123.3,9.4,1
123.3,9.35,1
123.3,9.3,1
123.3,9.25,1
123.3,9.2,1
123.3,8.55,1
123.3,8.5,1
123.3,7.55,1
123.3,7.5,1
123.3,7.45,1
123.3,7.4,1
123.35,14.1,1
123.35,14.05,1
123.35,14,1
123.35,13.95,1
123.35,13.05,1
123.35,13,1
123.35,12.55,1
123.35,12.5,1
123.35,12.15,1
123.35,12.1,1
123.35,10.95,1
123.35,10.45,1
123.35,10.4,1
123.35,10.35,1
123.35,10.3,1
123.35,10.25,1
123.35,10,1
123.35,9.95,1
123.35,9.85,1
123.35,9.8,1
123.35,9.75,1
123.35,9.7,1
123.35,9.45,1
123.35,9.4,1
123.35,8.65,1
123.35,8.6,1
123.35,8.55,1
123.35,7.6,1
123.35,7.55,1
123.35,7.4,1
123.4,14.05,1
123.4,14,1
123.4,13.95,1
123.4,13.05,1
123.4,12.5,1
123.4,12.2,1
123.4,12.15,1
123.4,10.95,1
123.4,10.5,1
123.4,10.45,1
123.4,10.05,1
123.4,10,1
123.4,9.95,1
123.4,9.9,1
123.4,9.85,1
123.4,9.5,1
123.4,9.45,1
123.4,8.75,1
123.4,8.7,1
123.4,8.65,1
123.4,7.8,1
123.4,7.75,1
123.4,7.6,1
123.4,7.55,1
123.4,7.5,1
123.4,7.45,1
123.4,7.4,1
123.4,7.35,1
123.45,13.95,1
123.45,13.9,1
123.45,13.05,1
123.45,13,1
123.45,12.5,1
123.45,12.2,1
123.45,10.95,1
123.45,10.9,1
123.45,10.6,1
123.45,10.55,1
123.45,10.5,1
123.45,10.1,1
123.45,10.05,1
123.45,9.6,1
123.45,9.55,1
123.45,9.5,1
123.45,9.25,1
123.45,9.2,1
123.45,9.15,1
123.45,8.7,1
123.45,8.65,1
123.45,7.8,1
123.45,7.75,1
123.45,7.65,1
123.45,7.6,1
123.45,7.45,1
123.45,7.4,1
123.45,7.35,1
123.5,13.95,1
123.5,13.9,1
123.5,13,1
123.5,12.95,1
123.5,12.5,1
123.5,12.45,1
123.5,12.2,1
123.5,10.95,1
123.5,10.9,1
123.5,10.85,1
123.5,10.75,1
123.5,10.7,1
123.5,10.65,1
123.5,10.6,1
123.5,10.2,1
123.5,10.15,1
123.5,10.1,1
123.5,9.75,1
123.5,9.7,1
123.5,9.65,1
123.5,9.6,1
123.5,9.25,1
123.5,9.2,1
123.5,9.15,1
123.5,8.7,1
123.5,8.65,1
123.5,8.6,1
123.5,7.85,1
123.5,7.8,1
123.5,7.75,1
123.5,7.7,1
123.5,7.65,1
123.55,13.95,1
123.55,13.9,1
123.55,13.7,1
123.55,13.65,1
123.55,13.6,1
123.55,13.55,1
123.55,12.95,1
123.55,12.9,1
123.55,12.45,1
123.55,12.4,1
123.55,12.2,1
123.55,12.15,1
123.55,10.9,1
123.55,10.85,1
123.55,10.8,1
123.55,10.75,1
123.55,10.25,1
123.55,10.2,1
123.55,9.85,1
123.55,9.8,1
123.55,9.75,1
123.55,9.25,1
123.55,9.15,1
123.55,9.1,1
123.55,8.65,1
123.55,8.6,1
123.55,7.85,1
123.6,13.95,1
123.6,13.9,1
123.6,13.75,1
123.6,13.7,1
123.6,13.55,1
123.6,13.5,1
123.6,12.9,1
123.6,12.7,1
123.6,12.65,1
123.6,12.6,1
123.6,12.55,1
123.6,12.4,1
123.6,12.35,1
123.6,12.15,1
123.6,12.1,1
123.6,12.05,1
123.6,10.35,1
123.6,10.3,1
123.6,10.25,1
123.6,10.05,1
123.6,10,1
123.6,9.95,1
123.6,9.9,1
123.6,9.85,1
123.6,9.3,1
123.6,9.25,1
123.6,9.1,1
123.6,8.65,1
123.6,8.6,1
123.6,7.85,1
123.65,14,1
123.65,13.95,1
123.65,13.9,1
123.65,13.7,1
123.65,13.5,1
123.65,12.9,1
123.65,12.85,1
123.65,12.7,1
123.65,12.65,1
123.65,12.55,1
123.65,12.5,1
123.65,12.4,1
123.65,12.35,1
123.65,12.1,1
123.65,12.05,1
123.65,10.45,1
123.65,10.4,1
123.65,10.1,1
123.65,10.05,1
123.65,9.3,1
123.65,9.25,1
123.65,9.2,1
123.65,9.15,1
123.65,9.1,1
123.65,8.65,1
123.65,8.05,1
123.65,8,1
123.65,7.95,1
123.65,7.85,1
123.65,7.8,1
123.7,13.95,1
123.7,13.9,1
123.7,13.7,1
123.7,13.5,1
123.7,13.45,1
123.7,13.4,1
123.7,12.95,1
123.7,12.9,1
123.7,12.85,1
123.7,12.65,1
123.7,12.6,1
123.7,12.55,1
123.7,12.5,1
123.7,12.45,1
123.7,12.4,1
123.7,12.35,1
123.7,12.3,1
123.7,12.05,1
123.7,12,1
123.7,11.95,1
123.7,11.3,1
123.7,11.25,1
123.7,11.2,1
123.7,11.15,1
123.7,10.6,1
123.7,10.55,1
123.7,10.5,1
123.7,10.45,1
123.7,10.2,1
123.7,10.15,1
123.7,10.1,1
123.7,9.6,1
123.7,9.25,1
123.7,9.2,1
123.7,9.15,1
123.7,9.1,1
123.7,8.65,1
123.7,8.6,1
123.7,8.05,1
123.7,8,1
123.7,7.95,1
123.7,7.8,1
123.75,13.95,1
123.75,13.9,1
123.75,13.85,1
123.75,13.7,1
123.75,13.4,1
123.75,13.35,1
123.75,13.3,1
123.75,13.25,1
123.75,13.2,1
123.75,13.15,1
123.75,13.1,1
123.75,13.05,1
123.75,12.9,1
123.75,12.85,1
123.75,12.6,1
123.75,12.55,1
123.75,12.5,1
123.75,12.45,1
123.75,12.4,1
123.75,12.35,1
123.75,12.3,1
123.75,12.25,1
123.75,12.2,1
123.75,12,1
123.75,11.95,1
123.75,11.9,1
123.75,11.3,1
123.75,11.25,1
123.75,11.2,1
123.75,11.15,1
123.75,10.7,1
123.75,10.65,1
123.75,10.6,1
123.75,10.25,1
123.75,10.2,1
123.75,9.6,1
123.75,9.55,1
123.75,8.6,1
123.75,8.55,1
123.75,8.5,1
123.75,8.1,1
123.75,8.05,1
123.75,8,1
123.75,7.8,1
123.75,7.75,1
123.75,7.7,1
123.8,13.85,1
123.8,13.7,1
123.8,13.3,1
123.8,13.25,1
123.8,13.15,1
123.8,13.1,1
123.8,13.05,1
123.8,12.9,1
123.8,12.85,1
123.8,12.45,1
123.8,12.4,1
123.8,12.35,1
123.8,12.25,1
123.8,12.2,1
123.8,11.9,1
123.8,11.2,1
123.8,11.15,1
123.8,10.75,1
123.8,10.7,1
123.8,10.25,1
123.8,9.85,1
123.8,9.8,1
123.8,9.75,1
123.8,9.65,1
123.8,9.6,1
123.8,9.55,1
123.8,8.55,1
123.8,8.5,1
123.8,8.45,1
123.8,8.15,1
123.8,8.1,1
123.8,8.05,1
123.8,7.7,1
123.85,13.85,1
123.85,13.8,1
123.85,13.75,1
123.85,13.7,1
123.85,13.35,1
123.85,13.3,1
123.85,13.25,1
123.85,13.15,1
123.85,13.1,1
123.85,12.95,1
123.85,12.9,1
123.85,12.85,1
123.85,12.8,1
123.85,12.75,1
123.85,12.7,1
123.85,12.65,1
123.85,12.25,1
123.85,12.2,1
123.85,11.9,1
123.85,10.85,1
123.85,10.8,1
123.85,10.75,1
123.85,10.3,1
123.85,10.25,1
123.85,9.9,1
123.85,9.85,1
123.85,9.75,1
123.85,9.7,1
123.85,9.65,1
123.85,9.6,1
123.85,8.45,1
123.85,8.4,1
123.85,8.35,1
123.85,8.3,1
123.85,8.25,1
123.85,8.2,1
123.85,8.15,1
123.85,8.1,1
123.85,7.7,1
123.9,13.8,1
123.9,13.75,1
123.9,13.7,1
123.9,13.35,1
123.9,13.3,1
123.9,13.25,1
123.9,13.15,1
123.9,13.1,1
123.9,13,1
123.9,12.95,1
123.9,12.85,1
123.9,12.65,1
123.9,12.6,1
123.9,12.2,1
123.9,12.15,1
123.9,11.9,1
123.9,11.85,1
123.9,11.05,1
123.9,11,1
123.9,10.95,1
123.9,10.9,1
123.9,10.85,1
123.9,10.3,1
123.9,10.25,1
123.9,9.95,1
123.9,9.9,1
123.9,9.65,1
123.9,9.6,1
123.9,8.15,1
123.9,8.1,1
123.9,7.7,1
123.95,13.8,1
123.95,13.75,1
123.95,13.7,1
123.95,13.35,1
123.95,13.3,1
123.95,13.25,1
123.95,13.1,1
123.95,13,1
123.95,12.95,1
123.95,12.9,1
123.95,12.85,1
123.95,12.65,1
123.95,12.6,1
123.95,12.55,1
123.95,12.15,1
123.95,12.1,1
123.95,11.9,1
123.95,11.85,1
123.95,11.2,1
123.95,11.15,1
123.95,11.1,1
123.95,11.05,1
123.95,11,1
123.95,10.35,1
123.95,10.3,1
123.95,10.25,1
123.95,9.95,1
123.95,9.6,1
123.95,8.2,1
123.95,8.15,1
123.95,7.7,1
123.95,7.65,1
123.95,6.95,1
123.95,6.9,1
123.95,6.85,1
123.95,6.8,1
123.95,6.75,1
124,13.7,1
124,13.65,1
124,13.3,1
124,13.25,1
124,13.2,1
124,13.1,1
124,13.05,1
124,12.95,1
124,12.9,1
124,12.85,1
124,12.55,1
124,12.1,1
124,12.05,1
124,12,1
124,11.95,1
124,11.8,1
124,11.75,1
124,11.3,1
124,11.25,1
124,11.2,1
124,11.15,1
124,11.1,1
124,11.05,1
124,10.8,1
124,10.75,1
124,10.7,1
124,10.65,1
124,10.6,1
124,10.55,1
124,10.5,1
124,10.45,1
124,10.4,1
124,10.35,1
124,10.3,1
124,10.25,1
124,9.95,1
124,9.6,1
124,8.2,1
124,7.65,1
124,7.1,1
124,7.05,1
124,7,1
124,6.9,1
124,6.85,1
124,6.8,1
124,6.75,1
124,6.7,1
124,6.55,1
124.05,13.7,1
124.05,13.65,1
124.05,13.6,1
124.05,13.3,1
124.05,13.25,1
124.05,13.2,1
124.05,13.05,1
124.05,13,1
124.05,12.95,1
124.05,12.9,1
124.05,12.55,1
124.05,12,1
124.05,11.95,1
124.05,11.9,1
124.05,11.85,1
124.05,11.8,1
124.05,11.75,1
124.05,11.7,1
124.05,11.3,1
124.05,11.25,1
124.05,11.2,1
124.05,11.15,1
124.05,11.05,1
124.05,11,1
124.05,10.95,1
124.05,10.9,1
124.05,10.85,1
124.05,10.8,1
124.05,10.65,1
124.05,10.6,1
124.05,10.55,1
124.05,10.5,1
124.05,10.35,1
124.05,10.3,1
124.05,10.1,1
124.05,10.05,1
124.05,10,1
124.05,9.95,1
124.05,9.6,1
124.05,8.2,1
124.05,7.65,1
124.05,7.6,1
124.05,7.55,1
124.05,7.15,1
124.05,7.1,1
124.05,6.8,1
124.05,6.75,1
124.05,6.7,1
124.05,6.65,1
124.05,6.6,1
124.05,6.55,1
124.05,6.5,1
124.05,6.45,1
124.05,6.4,1
124.1,14.05,1
124.1,14,1
124.1,13.75,1
124.1,13.7,1
124.1,13.6,1
124.1,13.25,1
124.1,13.2,1
124.1,13.1,1
124.1,13.05,1
124.1,13,1
124.1,12.95,1
124.1,12.9,1
124.1,12.65,1
124.1,12.6,1
124.1,12.55,1
124.1,10.1,1
124.1,10.05,1
124.1,9.6,1
124.1,8.2,1
124.1,7.55,1
124.1,7.5,1
124.1,7.15,1
124.1,6.4,1
124.1,6.35,1
124.1,6.3,1
124.15,14.05,1
124.15,14,1
124.15,13.95,1
124.15,13.9,1
124.15,13.85,1
124.15,13.8,1
124.15,13.75,1
124.15,13.6,1
124.15,13.55,1
124.15,13.25,1
124.15,13.2,1
124.15,13.1,1
124.15,13.05,1
124.15,13,1
124.15,12.95,1
124.15,12.9,1
124.15,12.85,1
124.15,12.8,1
124.15,12.75,1
124.15,12.7,1
124.15,12.65,1
124.15,12.5,1
124.15,12.45,1
124.15,12.4,1
124.15,12.1,1
124.15,12.05,1
124.15,10.15,1
124.15,10.1,1
124.15,9.6,1
124.15,8.2,1
124.15,7.5,1
124.15,7.45,1
124.15,7.4,1
124.15,7.25,1
124.15,7.2,1
124.15,7.15,1
124.15,6.3,1
124.15,6.25,1
124.2,14.1,1
124.2,14.05,1
124.2,13.6,1
124.2,13.55,1
124.2,13.5,1
124.2,13.25,1
124.2,13.2,1
124.2,13.15,1
124.2,13.05,1
124.2,13,1
124.2,12.45,1
124.2,12.4,1
124.2,12.1,1
124.2,12.05,1
124.2,10.15,1
124.2,9.6,1
124.2,8.2,1
124.2,7.4,1
124.2,7.35,1
124.2,7.3,1
124.2,7.25,1
124.2,7.2,1
124.2,6.25,1
124.2,6.2,1
124.25,14.05,1
124.25,14,1
124.25,13.6,1
124.25,12.6,1
124.25,12.55,1
124.25,12.5,1
124.25,12.1,1
124.25,12.05,1
124.25,10.6,1
124.25,10.15,1
124.25,9.6,1
124.25,8.4,1
124.25,8.35,1
124.25,8.3,1
124.25,8.25,1
124.25,8.2,1
124.25,7.4,1
124.25,7.35,1
124.25,7.25,1
124.25,6.2,1
124.25,6.15,1
124.3,14,1
124.3,13.95,1
124.3,13.9,1
124.3,13.6,1
124.3,13.55,1
124.3,12.6,1
124.3,12.55,1
124.3,12.5,1
124.3,12.45,1
124.3,12.4,1
124.3,11.8,1
124.3,11.75,1
124.3,11.55,1
124.3,11.5,1
124.3,11.45,1
124.3,11.4,1
124.3,10.7,1
124.3,10.65,1
124.3,10.6,1
124.3,10.15,1
124.3,9.6,1
124.3,8.55,1
124.3,8.5,1
124.3,8.45,1
124.3,8.4,1
124.3,6.15,1
124.3,6.1,1
124.35,13.95,1
124.35,13.9,1
124.35,13.65,1
124.35,13.6,1
124.35,13.55,1
124.35,12.55,1
124.35,12.4,1
124.35,12.35,1
124.35,12.3,1
124.35,12.25,1
124.35,11.8,1
124.35,11.75,1
124.35,11.7,1
124.35,11.65,1
124.35,11.55,1
124.35,11.5,1
124.35,11.4,1
124.35,11.35,1
124.35,11.3,1
124.35,11.05,1
124.35,10.95,1
124.35,10.9,1
124.35,10.7,1
124.35,10.6,1
124.35,10.15,1
124.35,10.1,1
124.35,9.65,1
124.35,9.6,1
124.35,8.6,1
124.35,8.55,1
124.35,6.1,1
124.4,13.9,1
124.4,13.85,1
124.4,13.8,1
124.4,13.75,1
124.4,13.7,1
124.4,13.65,1
124.4,12.55,1
124.4,12.25,1
124.4,12.2,1
124.4,12.15,1
124.4,11.7,1
124.4,11.65,1
124.4,11.6,1
124.4,11.55,1
124.4,11.5,1
124.4,11.45,1
124.4,11.3,1
124.4,11.25,1
124.4,11.2,1
124.4,11.15,1
124.4,11.1,1
124.4,11.05,1
124.4,11,1
124.4,10.95,1
124.4,10.9,1
124.4,10.7,1
124.4,10.65,1
124.4,10.6,1
124.4,10.15,1
124.4,10.1,1
124.4,9.7,1
124.4,9.65,1
124.4,8.6,1
124.4,6.1,1
124.45,12.55,1
124.45,12.5,1
124.45,12.15,1
124.45,12.1,1
124.45,11.7,1
124.45,11.5,1
124.45,11.45,1
124.45,11.4,1
124.45,11.35,1
124.45,10.95,1
124.45,10.9,1
124.45,10.85,1
124.45,10.7,1
124.45,10.65,1
124.45,10.1,1
124.45,10.05,1
124.45,9.75,1
124.45,9.7,1
124.45,8.65,1
124.45,8.6,1
124.45,6.1,1
124.45,6.05,1
124.5,12.55,1
124.5,12.5,1
124.5,12.1,1
124.5,12.05,1
124.5,11.7,1
124.5,11.5,1
124.5,11.45,1
124.5,11.4,1
124.5,11.35,1
124.5,10.9,1
124.5,10.85,1
124.5,10.8,1
124.5,10.75,1
124.5,10.7,1
124.5,10.65,1
124.5,10.1,1
124.5,10.05,1
124.5,9.85,1
124.5,9.75,1
124.5,9.7,1
124.5,8.6,1
124.5,8.55,1
124.5,6.05,1
124.55,12.55,1
124.55,12.5,1
124.55,12.05,1
124.55,11.7,1
124.55,11.65,1
124.55,11.6,1
124.55,11.5,1
124.55,11.45,1
124.55,11.4,1
124.55,11.35,1
124.55,11.3,1
124.55,11,1
124.55,10.95,1
124.55,10.9,1
124.55,10.8,1
124.55,10.75,1
124.55,10.15,1
124.55,10.1,1
124.55,10.05,1
124.55,10,1
124.55,9.95,1
124.55,9.9,1
124.55,9.85,1
124.55,9.8,1
124.55,9.75,1
124.55,8.55,1
124.55,8.5,1
124.55,6.05,1
124.55,6,1
124.6,12.55,1
124.6,12.5,1
124.6,12.05,1
124.6,11.6,1
124.6,11.55,1
124.6,11.5,1
124.6,11.45,1
124.6,11.3,1
124.6,11,1
124.6,10.15,1
124.6,10.1,1
124.6,9.8,1
124.6,9.75,1
124.6,8.5,1
124.6,6,1
124.65,12.5,1
124.65,12.05,1
124.65,12,1
124.65,11.3,1
124.65,11,1
124.65,10.95,1
124.65,9.25,1
124.65,9.2,1
124.65,9.15,1
124.65,9.1,1
124.65,8.5,1
124.65,6,1
124.65,5.95,1
124.7,12.5,1
124.7,12,1
124.7,11.95,1
124.7,11.75,1
124.7,11.7,1
124.7,11.65,1
124.7,11.35,1
124.7,11.3,1
124.7,10.95,1
124.7,10.9,1
124.7,10.85,1
124.7,10.5,1
124.7,10.45,1
124.7,10.4,1
124.7,9.25,1
124.7,9.1,1
124.7,8.5,1
124.7,5.95,1
124.75,12.55,1
124.75,12.5,1
124.75,11.95,1
124.75,11.9,1
124.75,11.85,1
124.75,11.75,1
124.75,11.7,1
124.75,11.65,1
124.75,11.6,1
124.75,11.55,1
124.75,11.35,1
124.75,11.3,1
124.75,10.85,1
124.75,10.8,1
124.75,10.65,1
124.75,10.6,1
124.75,10.55,1
124.75,10.5,1
124.75,10.45,1
124.75,10.4,1
124.75,10.35,1
124.75,10.25,1
124.75,10.2,1
124.75,10.15,1
124.75,9.25,1
124.75,9.2,1
124.75,9.1,1
124.75,8.95,1
124.75,8.8,1
124.75,8.75,1
124.75,8.7,1
124.75,8.65,1
124.75,8.6,1
124.75,8.55,1
124.75,8.5,1
124.75,5.95,1
124.75,5.9,1
124.8,12.55,1
124.8,11.9,1
124.8,11.85,1
124.8,11.7,1
124.8,11.65,1
124.8,11.6,1
124.8,11.55,1
124.8,11.5,1
124.8,11.45,1
124.8,11.4,1
124.8,11.35,1
124.8,10.8,1
124.8,10.75,1
124.8,10.7,1
124.8,10.65,1
124.8,10.35,1
124.8,10.3,1
124.8,10.25,1
124.8,10.15,1
124.8,9.2,1
124.8,9.15,1
124.8,9.1,1
124.8,9,1
124.8,8.95,1
124.8,8.9,1
124.8,8.85,1
124.8,8.8,1
124.8,8.75,1
124.8,8.7,1
124.8,5.9,1
124.85,12.6,1
124.85,12.55,1
124.85,11.85,1
124.85,11.8,1
124.85,11.7,1
124.85,11.65,1
124.85,11.6,1
124.85,11.55,1
124.85,11.5,1
124.85,11.45,1
124.85,11.4,1
124.85,10.15,1
124.85,10.1,1
124.85,9,1
124.85,5.9,1
124.9,12.6,1
124.9,12.55,1
124.9,11.8,1
124.9,11.75,1
124.9,11.7,1
124.9,11.65,1
124.9,11.6,1
124.9,11.55,1
124.9,11.5,1
124.9,11.45,1
124.9,11.4,1
124.9,10.1,1
124.9,9,1
124.9,5.9,1
124.9,5.85,1
124.95,12.6,1
124.95,11.75,1
124.95,11.7,1
124.95,11.65,1
124.95,11.6,1
124.95,11.55,1
124.95,11.45,1
124.95,11.4,1
124.95,11.35,1
124.95,11.3,1
124.95,11.25,1
124.95,10.4,1
124.95,10.35,1
124.95,10.3,1
124.95,10.1,1
124.95,10.05,1
124.95,9,1
124.95,8.95,1
124.95,5.85,1
125,12.65,1
125,12.6,1
125,11.8,1
125,11.75,1
125,11.7,1
125,11.65,1
125,11.6,1
125,11.45,1
125,11.4,1
125,11.35,1
125,11.3,1
125,11.25,1
125,11.2,1
125,11.15,1
125,11.1,1
125,10.9,1
125,10.85,1
125,10.8,1
125,10.75,1
125,10.7,1
125,10.4,1
125,10.35,1
125,10.3,1
125,10.25,1
125,10.2,1
125,10.15,1
125,10.1,1
125,10.05,1
125,10,1
125,8.95,1
125,8.9,1
125,5.85,1
125.05,12.65,1
125.05,12.6,1
125.05,11.75,1
125.05,11.7,1
125.05,11.3,1
125.05,11.25,1
125.05,11.2,1
125.05,11.15,1
125.05,11.1,1
125.05,11.05,1
125.05,11,1
125.05,10.95,1
125.05,10.9,1
125.05,10.75,1
125.05,10.7,1
125.05,10.35,1
125.05,10.3,1
125.05,10.25,1
125.05,10,1
125.05,8.9,1
125.05,8.85,1
125.05,5.85,1
125.1,12.6,1
125.1,11.3,1
125.1,10.7,1
125.1,10.65,1
125.1,10.25,1
125.1,10.2,1
125.1,10.15,1
125.1,10.1,1
125.1,8.85,1
125.1,6,1
125.1,5.95,1
125.1,5.9,1
125.1,5.85,1
125.15,12.6,1
125.15,12.55,1
125.15,11.3,1
125.15,11.25,1
125.15,11.2,1
125.15,10.65,1
125.15,10.6,1
125.15,10.55,1
125.15,10.5,1
125.15,10.3,1
125.15,10.25,1
125.15,10.2,1
125.15,10.15,1
125.15,10.1,1
125.15,10.05,1
125.15,9,1
125.15,8.9,1
125.15,8.85,1
125.15,6.1,1
125.15,6.05,1
125.15,6,1
125.15,5.85,1
125.15,5.8,1
125.2,12.55,1
125.2,12.5,1
125.2,11.25,1
125.2,11.2,1
125.2,11.15,1
125.2,11.1,1
125.2,10.6,1
125.2,10.55,1
125.2,10.5,1
125.2,10.45,1
125.2,10.4,1
125.2,10.25,1
125.2,10.15,1
125.2,10.1,1
125.2,10.05,1
125.2,10,1
125.2,9.95,1
125.2,9.1,1
125.2,9.05,1
125.2,9,1
125.2,8.95,1
125.2,8.9,1
125.2,6.1,1
125.2,5.9,1
125.2,5.85,1
125.2,5.8,1
125.2,5.75,1
125.25,12.5,1
125.25,11.1,1
125.25,10.4,1
125.25,10.35,1
125.25,10.3,1
125.25,10.25,1
125.25,10.1,1
125.25,10.05,1
125.25,10,1
125.25,9.95,1
125.25,9.9,1
125.25,9.05,1
125.25,9,1
125.25,6.1,1
125.25,6.05,1
125.25,5.95,1
125.25,5.9,1
125.25,5.75,1
125.25,5.7,1
125.3,12.5,1
125.3,12.45,1
125.3,12.4,1
125.3,12.35,1
125.3,12.3,1
125.3,11.1,1
125.3,10,1
125.3,9.95,1
125.3,9.9,1
125.3,9,1
125.3,6.1,1
125.3,6.05,1
125.3,6,1
125.3,5.95,1
125.3,5.7,1
125.3,5.65,1
125.3,5.6,1
125.3,5.55,1
125.3,5.4,1
125.35,12.4,1
125.35,12.3,1
125.35,11.1,1
125.35,9,1
125.35,8.95,1
125.35,6.75,1
125.35,6.7,1
125.35,5.55,1
125.35,5.45,1
125.35,5.4,1
125.35,5.35,1
125.4,12.3,1
125.4,12.25,1
125.4,11.1,1
125.4,9.8,1
125.4,9.75,1
125.4,9.7,1
125.4,9.65,1
125.4,9.6,1
125.4,9.55,1
125.4,9,1
125.4,6.85,1
125.4,6.8,1
125.4,6.75,1
125.4,6.7,1
125.4,6.65,1
125.4,6.6,1
125.4,5.6,1
125.4,5.55,1
125.4,5.45,1
125.4,5.4,1
125.4,5.35,1
125.45,12.25,1
125.45,12,1
125.45,11.95,1
125.45,11.9,1
125.45,11.85,1
125.45,11.8,1
125.45,11.75,1
125.45,11.7,1
125.45,11.65,1
125.45,11.6,1
125.45,11.55,1
125.45,11.1,1
125.45,10.15,1
125.45,10.1,1
125.45,9.85,1
125.45,9.8,1
125.45,9.55,1
125.45,9.5,1
125.45,9.45,1
125.45,9.4,1
125.45,9.35,1
125.45,9,1
125.45,6.9,1
125.45,6.85,1
125.45,6.65,1
125.45,6.6,1
125.45,5.65,1
125.45,5.6,1
125.45,5.5,1
125.45,5.45,1
125.45,5.4,1
125.45,5.35,1
125.5,12.25,1
125.5,12.2,1
125.5,12.15,1
125.5,12.1,1
125.5,12.05,1
125.5,12,1
125.5,11.7,1
125.5,11.65,1
125.5,11.55,1
125.5,11.5,1
125.5,11.45,1
125.5,11.1,1
125.5,10.3,1
125.5,10.25,1
125.5,10.2,1
125.5,10.15,1
125.5,10.1,1
125.5,10.05,1
125.5,9.8,1
125.5,9.75,1
125.5,9.35,1
125.5,9.3,1
125.5,9.25,1
125.5,9.2,1
125.5,9.15,1
125.5,9.1,1
125.5,9.05,1
125.5,9,1
125.5,7.05,1
125.5,7,1
125.5,6.95,1
125.5,6.9,1
125.5,6.6,1
125.5,6.55,1
125.5,6.5,1
125.5,5.75,1
125.5,5.7,1
125.5,5.65,1
125.5,5.5,1
125.5,5.45,1
125.5,5.4,1
125.55,11.45,1
125.55,11.4,1
125.55,11.3,1
125.55,11.25,1
125.55,11.2,1
125.55,11.1,1
125.55,10.4,1
125.55,10.35,1
125.55,10.3,1
125.55,10.2,1
125.55,10.1,1
125.55,10.05,1
125.55,10,1
125.55,9.8,1
125.55,9.75,1
125.55,9.2,1
125.55,9.15,1
125.55,9.1,1
125.55,9.05,1
125.55,9,1
125.55,8.95,1
125.55,7.05,1
125.55,6.55,1
125.55,6.5,1
125.55,5.8,1
125.55,5.75,1
125.6,11.4,1
125.6,11.35,1
125.6,11.3,1
125.6,11.2,1
125.6,11.1,1
125.6,10.45,1
125.6,10.4,1
125.6,10.35,1
125.6,10.3,1
125.6,10.25,1
125.6,10.2,1
125.6,10.15,1
125.6,10.1,1
125.6,10.05,1
125.6,10,1
125.6,9.95,1
125.6,9.9,1
125.6,9.85,1
125.6,9.8,1
125.6,9.75,1
125.6,9.7,1
125.6,9.65,1
125.6,7.1,1
125.6,7.05,1
125.6,6.5,1
125.6,6.45,1
125.6,6.4,1
125.6,5.9,1
125.6,5.85,1
125.6,5.8,1
125.65,11.2,1
125.65,11.1,1
125.65,10.8,1
125.65,10.75,1
125.65,10.45,1
125.65,10.4,1
125.65,10.35,1
125.65,10.3,1
125.65,10.25,1
125.65,10.2,1
125.65,10.15,1
125.65,10.1,1
125.65,10,1
125.65,9.95,1
125.65,9.9,1
125.65,9.85,1
125.65,9.65,1
125.65,9.6,1
125.65,7.25,1
125.65,7.2,1
125.65,7.15,1
125.65,7.1,1
125.65,7.05,1
125.65,6.4,1
125.65,6.35,1
125.65,6.3,1
125.65,6.25,1
125.65,5.95,1
125.65,5.9,1
125.7,11.2,1
125.7,11.15,1
125.7,11.1,1
125.7,10.8,1
125.7,10.75,1
125.7,10.7,1
125.7,10.4,1
125.7,10.15,1
125.7,10.1,1
125.7,10.05,1
125.7,10,1
125.7,9.95,1
125.7,9.9,1
125.7,9.85,1
125.7,9.6,1
125.7,7.3,1
125.7,7.25,1
125.7,7.2,1
125.7,7.15,1
125.7,7.1,1
125.7,7.05,1
125.7,7,1
125.7,6.95,1
125.7,6.9,1
125.7,6.25,1
125.7,6.2,1
125.7,6.15,1
125.7,6.1,1
125.7,6.05,1
125.7,6,1
125.7,5.95,1
125.75,10.8,1
125.75,10.75,1
125.75,10.7,1
125.75,9.6,1
125.75,9.55,1
125.75,7.35,1
125.75,7.3,1
125.75,7.2,1
125.75,7.15,1
125.75,6.9,1
125.8,10.75,1
125.8,10.7,1
125.8,9.55,1
125.8,7.35,1
125.8,7.15,1
125.8,7.1,1
125.8,7.05,1
125.8,7,1
125.8,6.95,1
125.8,6.9,1
125.85,9.55,1
125.85,9.5,1
125.85,7.35,1
125.85,7.3,1
125.85,7.25,1
125.85,7.2,1
125.9,9.75,1
125.9,9.7,1
125.9,9.65,1
125.9,9.6,1
125.9,9.5,1
125.9,9.45,1
125.9,9.4,1
125.9,7.2,1
125.9,7.15,1
125.9,7.1,1
125.95,9.95,1
125.95,9.9,1
125.95,9.85,1
125.95,9.8,1
125.95,9.75,1
125.95,9.7,1
125.95,9.65,1
125.95,9.6,1
125.95,9.55,1
125.95,9.5,1
125.95,9.45,1
125.95,9.4,1
125.95,9.35,1
125.95,7.1,1
125.95,7.05,1
125.95,6.95,1
126,10,1
126,9.95,1
126,9.9,1
126,9.85,1
126,9.8,1
126,9.75,1
126,9.7,1
126,9.65,1
126,9.4,1
126,9.35,1
126,9.3,1
126,9.25,1
126,7.05,1
126,7,1
126,6.95,1
126,6.9,1
126.05,10.05,1
126.05,10,1
126.05,9.85,1
126.05,9.75,1
126.05,9.7,1
126.05,9.25,1
126.05,6.9,1
126.05,6.85,1
126.05,6.65,1
126.1,10,1
126.1,9.95,1
126.1,9.9,1
126.1,9.85,1
126.1,9.75,1
126.1,9.25,1
126.1,8.65,1
126.1,8.6,1
126.1,8.55,1
126.1,6.85,1
126.1,6.8,1
126.1,6.75,1
126.1,6.7,1
126.1,6.65,1
126.1,6.6,1
126.1,6.55,1
126.1,6.5,1
126.1,6.45,1
126.15,9.85,1
126.15,9.8,1
126.15,9.75,1
126.15,9.3,1
126.15,9.25,1
126.15,9.2,1
126.15,9.15,1
126.15,9.1,1
126.15,8.7,1
126.15,8.65,1
126.15,8.55,1
126.15,6.9,1
126.15,6.85,1
126.15,6.45,1
126.15,6.4,1
126.15,6.35,1
126.2,9.3,1
126.2,9.25,1
126.2,9.2,1
126.2,9.15,1
126.2,9.1,1
126.2,9.05,1
126.2,8.75,1
126.2,8.7,1
126.2,8.55,1
126.2,8.5,1
126.2,6.95,1
126.2,6.9,1
126.2,6.85,1
126.2,6.8,1
126.2,6.65,1
126.2,6.6,1
126.2,6.5,1
126.2,6.45,1
126.2,6.4,1
126.2,6.35,1
126.2,6.3,1
126.2,6.25,1
126.25,9,1
126.25,8.95,1
126.25,8.75,1
126.25,8.7,1
126.25,8.55,1
126.25,6.95,1
126.25,6.9,1
126.25,6.8,1
126.25,6.75,1
126.25,6.7,1
126.25,6.65,1
126.25,6.6,1
126.25,6.55,1
126.25,6.45,1
126.3,9,1
126.3,8.95,1
126.3,8.9,1
126.3,8.85,1
126.3,8.8,1
126.3,8.75,1
126.3,8.55,1
126.3,8.35,1
126.3,8.25,1
126.3,8.2,1
126.3,7,1
126.3,6.95,1
126.3,6.9,1
126.3,6.85,1
126.3,6.8,1
126.35,8.85,1
126.35,8.55,1
126.35,8.5,1
126.35,8.45,1
126.35,8.4,1
126.35,8.35,1
126.35,8.3,1
126.35,8.25,1
126.35,8.2,1
126.35,7.95,1
126.35,7.9,1
126.35,7.85,1
126.35,7,1
126.35,6.9,1
126.35,6.85,1
126.35,6.8,1
126.4,8.5,1
126.4,8.45,1
126.4,8.4,1
126.4,8.3,1
126.4,8.25,1
126.4,8.2,1
126.4,8.05,1
126.4,8,1
126.4,7.95,1
126.4,7.85,1
126.4,7.8,1
126.4,7,1
126.45,8.25,1
126.45,8.2,1
126.45,8.15,1
126.45,8.1,1
126.45,8.05,1
126.45,8,1
126.45,7.8,1
126.45,7.75,1
126.45,7.7,1
126.45,7.65,1
126.45,7.6,1
126.5,7.55,1
126.5,7.5,1
126.5,7.45,1
126.5,7.4,1
126.5,7.35,1
126.5,7.3,1
126.5,7.25,1
126.5,7.2,1
126.5,7.15,1
126.5,7.1,1
